mutant_id,auto_category,removed,added,human_checked,human_category,memo
target.xǁDateRangeǁ__post_init____mutmut_2,例外,"raise ValueError(""end must not be before start"")",raise ValueError(None),,,
target.xǁDateRangeǁ__post_init____mutmut_3,例外,"raise ValueError(""end must not be before start"")","raise ValueError(""XXend must not be before startXX"")",,,
target.xǁDateRangeǁ__post_init____mutmut_4,例外,"raise ValueError(""end must not be before start"")","raise ValueError(""END MUST NOT BE BEFORE START"")",,,
target.x_merge_ranges__mutmut_17,定数（数値）,if current.start <= last.end + timedelta(days=1):,if current.start <= last.end + timedelta(days=2):,,,
target.x_merge_ranges__mutmut_18,境界（比較演算子）,if current.end > last.end:,if current.end >= last.end:,,,
target.x_round_yen__mutmut_4,例外,"raise ValueError(f""unknown rounding mode: {mode!r}"")",raise ValueError(None),,,
target.x_with_tax__mutmut_4,境界（比較演算子）,if net < 0:,if net <= 0:,,,
target.x_with_tax__mutmut_5,定数（数値）,if net < 0:,if net < 1:,,,
target.x_with_tax__mutmut_6,例外,"raise ValueError(""net must be >= 0"")",raise ValueError(None),,,
target.x_with_tax__mutmut_7,例外,"raise ValueError(""net must be >= 0"")","raise ValueError(""XXnet must be >= 0XX"")",,,
target.x_with_tax__mutmut_8,例外,"raise ValueError(""net must be >= 0"")","raise ValueError(""NET MUST BE >= 0"")",,,
target.x_with_tax__mutmut_9,境界（比較演算子）,if rate_percent < 0:,if rate_percent <= 0:,,,
target.x_with_tax__mutmut_10,定数（数値）,if rate_percent < 0:,if rate_percent < 1:,,,
target.x_with_tax__mutmut_11,例外,"raise ValueError(""rate_percent must be >= 0"")",raise ValueError(None),,,
target.x_with_tax__mutmut_12,例外,"raise ValueError(""rate_percent must be >= 0"")","raise ValueError(""XXrate_percent must be >= 0XX"")",,,
target.x_with_tax__mutmut_13,例外,"raise ValueError(""rate_percent must be >= 0"")","raise ValueError(""RATE_PERCENT MUST BE >= 0"")",,,
target.x_split_evenly__mutmut_2,定数（数値）,if parts <= 0:,if parts <= 1:,,,
target.x_split_evenly__mutmut_3,例外,"raise ValueError(""parts must be >= 1"")",raise ValueError(None),,,
target.x_split_evenly__mutmut_4,例外,"raise ValueError(""parts must be >= 1"")","raise ValueError(""XXparts must be >= 1XX"")",,,
target.x_split_evenly__mutmut_5,例外,"raise ValueError(""parts must be >= 1"")","raise ValueError(""PARTS MUST BE >= 1"")",,,
target.x_split_evenly__mutmut_8,例外,"raise ValueError(""total must be >= 0"")",raise ValueError(None),,,
target.x_split_evenly__mutmut_9,例外,"raise ValueError(""total must be >= 0"")","raise ValueError(""XXtotal must be >= 0XX"")",,,
target.x_split_evenly__mutmut_10,例外,"raise ValueError(""total must be >= 0"")","raise ValueError(""TOTAL MUST BE >= 0"")",,,
target.x_parse_csv_line__mutmut_4,例外,"raise ValueError(""delimiter must be a single character"")",raise ValueError(None),,,
target.x_parse_csv_line__mutmut_5,例外,"raise ValueError(""delimiter must be a single character"")","raise ValueError(""XXdelimiter must be a single characterXX"")",,,
target.x_parse_csv_line__mutmut_6,例外,"raise ValueError(""delimiter must be a single character"")","raise ValueError(""DELIMITER MUST BE A SINGLE CHARACTER"")",,,
target.x_parse_csv_line__mutmut_9,論理（and/or/not/真偽）,in_quotes = False,in_quotes = None,,,
target.x_parse_csv_line__mutmut_19,定数（数値）,"if i + 1 < len(line) and line[i + 1] == '""':","if i + 2 < len(line) and line[i + 1] == '""':",,,
target.x_parse_csv_line__mutmut_30,論理（and/or/not/真偽）,in_quotes = False,in_quotes = None,,,
target.x_parse_csv_line__mutmut_46,例外,"raise ValueError(""unterminated quoted field"")",raise ValueError(None),,,
target.x_parse_csv_line__mutmut_47,例外,"raise ValueError(""unterminated quoted field"")","raise ValueError(""XXunterminated quoted fieldXX"")",,,
target.x_parse_csv_line__mutmut_48,例外,"raise ValueError(""unterminated quoted field"")","raise ValueError(""UNTERMINATED QUOTED FIELD"")",,,
target.x_parse_csv__mutmut_8,その他,"header = parse_csv_line(lines[0], delimiter)","header = parse_csv_line(lines[0], )",,,
target.x_parse_csv__mutmut_21,その他,"values = parse_csv_line(line, delimiter)","values = parse_csv_line(line, )",,,
